alice_92,7df6bd40a05829b644ffb7feae6cb95073bba206b4d4931f7086d61cc21a9f9585b85bb87116c628e3a155d9d6c4fbdb6e309f56c6c27c43e099a70c61f6ef6a
bob_smith,9ed4439acb1e6b8e04db313b81fabd323fb8d2443bd88ce7e908da61c8587c06904492ce00e42ca3232d64b36fa9d06bb40c2153bc0da53717aaafe9bfd0c423
carol_j,3259e78a6b5692706b9d9ed0d8ed424dc6393c02f22a1b1a68a39da733f43de7244853243adc08aab1c4236c7768320c095429cee47c50d4cf10a7d58ba612f4
dave_k,672b35da65a057929573146ff2139802d5868e7d682023b076360c29188da51250830ad07c10d5468a570a44698787cd81451925811d28c608c8fb990af29721
emma_w,0ba512402711ff3db3788a97afcfffef08c78b7e30f515446688dfeb1b01fd0c859d071c9b6edcffb66ec1922acab3eede0e8448b3d5a5156f27a49d91bf46b2
frank_m,e6fc0f0343e5e6f6f9109adb448b15476e7d5f63fb740566e2fb2e5abb8742a2679e989988283e1f7561d6c97b30f7595430711479b3b675453700f9b460be79
grace_l,df7069627ea7d460078c59b4708bf624c1309a388bd0bc46ee9b6d0bc3359923e1cf2737634677d10563ec2378a4a1d193b3aa4b818bee5172779d55c546a9f4
henry_p,8f929cf20250dd1dcf3dae69f19e775fe5faddd0b1f995a75f33dd4142e800c153ae0dba7e2718a7e5d177b2236f89eb21a6aa12012c2b5bef27427c68ed5778
irene_r,8128875d825b04776b05bf6e4c89989f4084c8878c98d900e3fcfa75beaae172966e558f8886aab04ae255ea821a8d74294fdca0e4fbb3712bbe666c0a0085b3
jack_t,89968e88f734df925490ae72dbf4cb508474228de153d80da2987ba0fde71ba92aea99c34fdc1775d5c4f61c9636f224cfe031fc1d00cca0b5d86563c4fba584
